currency,balance,current_rate_usdc,current_value_usdc,previous_rate_usdc,percentage_change,value_change_usdc
SOL,0.00006314,81.95000000,0.00517432,80.21000000,2.17,0.00010986
ETH,0.00000000,2191.00000000,0.00000000,2114.62000000,3.61,0.00000000
USDC,97.13722309,1.00000000,97.13722309,1.00000000,0.00,0.00000000
BNB,0.00000241,595.73000000,0.00143571,607.99000000,-2.02,-0.00002955
